Phishing URL,Phishing Sent,Reported Date,Type,Theme,Sender,Config/Key,Source,Analysis Link
hxxp://tinyurl[.]com/4nbjbmtk?WqL=VHcHvrRoO7,n/a,n/a,n/a,Parcel,n/a,hxxps://posehomeexpressdelivery-my[.]top/9oE7kU?WqL=VHcHvrRoO7,https://www.pos.com.my/scam-update,n/a
hxxps://bit[.]ly/_Pos-malaysia,n/a,n/a,n/a,Pos Malaysia,n/a,hxxps://correouyapp[.]life/2E8uMc,https://www.pos.com.my/scam-update,https://linkunshorten.com/?url=bit.ly%2F_Pos-malaysia
hxxps://meaytnk[.]xyz/m,250717 17:01,250717 17:23,Fake BTS,Maybank,66628,n/a,https://x.com/ly_sim_/status/1945776265476334000,n/a
maymau[.]xyz,250717 16:30,250717 16:50,Smishing,Maybank,n/a,n/a,https://x.com/vandershraaf/status/1945768110968987661,n/a
hxxps://info-pos[.]click/my,250710 17:37,250710 18:14,Smishing,Pos Malaysia,"""+905347971180""",n/a,https://x.com/RamananSree/status/1943252511584063771,n/a
hxxps://jteprss[.]top/my,250529 15:26,250529 15:39,Fake BTS,J&T Express,n/a,n/a,https://x.com/RabbitBelaCat/status/1927993169842422160,n/a
hxxps://jtepres[.]top/my,250506 11:33,250506 11:44,Fake BTS,J&T Express,n/a,n/a,https://x.com/sharidzuan_/status/1919599045364092988,n/a
hxxps://maybankmd2u[.]com/my,250424 14:37,250424 14:47,Smishing,Maybank Rewards,n/a,n/a,https://x.com/izardyamir/status/1915296400256213206,n/a
hxxps://mybkrwds[.]top/rwds,n/a,250420 12:50,Smishing,Maybank Rewards,n/a,n/a,https://x.com/Nazkhii/status/1913817540389945563,n/a
hxxps://mbankr[.]top/rwds,250418 13:36,250418 13:45,Smishing,Maybank Rewards,n/a,n/a,https://x.com/crazymalaysian/status/1913106693631983876,n/a
hxxps://maybanko2u-com[.]cc/my,250415 17:11,250415 17:20,Smishing,Maybank Rewards,n/a,n/a,https://x.com/izardyamir/status/1912073448794587482,n/a
hxxps://maybank2u[.]lat/My,250410 17:03,250414 15:41,Fake BTS,Maybank Rewards,66628,n/a,https://x.com/VincentChow33/status/1911686334860710143,n/a
hxxps://mybankrwe[.]top/rewards,250321 13:47,250414 15:41,Fake BTS,Maybank Rewards,66628,n/a,https://x.com/VincentChow33/status/1911686334860710143,n/a
hxxps://maybakrew[.]top/2u,n/a,250414 15:41,Fake BTS,Maybank Rewards,66628,n/a,https://x.com/VincentChow33/status/1911686334860710143,n/a
hxxps://maybank2u[.]lat/My,250410 16:40,250410 16:43,Fake BTS,Maybank Rewards,66628,n/a,https://x.com/A_Hxrrxz/status/1910252255929860522,n/a
hxxps://maybank2u[.]in/My/rewards,250408 16:45,250408 18:03,Fake BTS,Maybank Rewards,66628,n/a,https://x.com/eddienglfc/status/1909547695058133291,n/a
hxxps://maybank2su[.]top,250408 17:51,250408 17:55,Fake BTS,Maybank Rewards,66628,n/a,https://x.com/syafeeqKL/status/1909545611948703809,n/a
hxxps://maybank-2um[.]vip/my,250323 13:30,250408 17:55,Fake BTS,Maybank Rewards,66628,n/a,https://x.com/syafeeqKL/status/1909545611948703809,n/a
hxxps://mybenkrwd[.]top/rwds,250406 18:54,250406 18:56,Smishing,Maybank Rewards,n/a,n/a,https://x.com/Nashman/status/1908836191866429614,n/a
maybank2u[.]me/My,250402 18:50,250406 18:56,Smishing,Maybank Rewards,n/a,n/a,https://x.com/Nashman/status/1908836191866429614,n/a
hxxps://maybank-2u[.]pro/mbk,250328 11:03,250402 21:02,Fake BTS,Maybank Rewards,66628,n/a,https://x.com/mikeyipdotcom/status/1907418477012680980,n/a
hxxps://maybankn2u[.]top/my,250326 14:43,250326 14:50,Smishing,Maybank Rewards,n/a,n/a,https://x.com/raafikaziz/status/1904788141367845048,n/a
hxxps://maybank-2uz[.]vip/my,250324 13:42,250324 13:51,Smishing,Maybank Rewards,n/a,n/a,https://x.com/ragu91/status/1904048516865159284,n/a
hxxps://maybank-2um[.]vip/my,250323 13:30,250323 13:37,Fake BTS,Maybank Rewards,66628,n/a,https://x.com/syafeeqKL/status/1903682596812538228,n/a
hxxps://maybankeu[.]top/2u,250305 10:58,250320 14:48,Fake BTS,Maybank Rewards,66628,n/a,https://x.com/MichaelLoh117/status/1902613112752369699,n/a
hxxps://malybank2uq[.]top,250320 11:29,250320 14:48,Fake BTS,Maybank Rewards,66628,n/a,https://x.com/MichaelLoh117/status/1902613112752369699,n/a
hxxps://mybankus[.]top/rewards,250318 18:38,250318 23:49,Fake BTS,Maybank Rewards,66628,n/a,https://x.com/KimuTakuReds/status/1902024531067523372,n/a
hxxps://cimbrdwes[.]top/rewards,250309 16:07,250309 16:19,Smishing,CIMB Rewards,n/a,n/a,https://x.com/emmnh_/status/1898649767070347444,n/a
hxxps://joinxvx2025[.]my[.]id/tz6,250306 14:58,250309 13:14,Telegram Phishing,KWSP,t[.]me/KWSPbersasar ,n/a,https://x.com/sahirzulkifli/status/1898422001477603686,n/a
hxxps://maybank2uk[.]com/my,250307 16:46,250307 20:30,Smishing,Maybank Rewards,n/a,n/a,https://x.com/faizjamalizan/status/1897988217900855414,n/a
hxxps://maybankou[.]top/2u,250307 17:05,250307 17:18,Smishing,Maybank Rewards,n/a,n/a,https://x.com/v_ViCkN3S/status/1897939910033916328,n/a
hxxps://maybankck2u[.]com/my,250228 17:51,250303 16:28,Fake BTS,Maybank Rewards,66628,n/a,https://x.com/trancedisorder/status/1896477653705867639,n/a
hxxps://cimrerds[.]top/rewards,250228 15:18,250228 16:11,Fake BTS,CIMB Rewards,68833,n/a,https://x.com/devaanand5/status/1895386409193873629,n/a
hxxps://My-JPJi[.]vip/MyJPJ,250225 16:14,250225 16:34,Fake BTS,MyJPJ,n/a,n/a,https://x.com/calvingsc/status/1894304836176547936,n/a
hxxps://maxisxis-ink[.]me/my,250127 14:40,250127 14:43,iMessage,Maxis Rewards,"""+639391284925""",n/a,https://x.com/damien_thanam/status/1883767868246155611,n/a
hxxps://bit[.]ly/me-mae-digital,n/a,250123 19:07,Phishing,Maybank,n/a,hxxps://oscoxc[.]com/me,https://x.com/nurulnyot86/status/1882384736901116153,https://t.ly/tools/link-expander/?url=https%3A%2F%2Fbit.ly%2Fme-mae-digital
hxxps://cimbcilkcss[.]top/i,250114 13:08,250114 13:09,Fake BTS,CIMB Rewards,n/a,n/a,https://x.com/izzat044/status/1879033155338084627,n/a
hxxps://cimb-click[.]info/rewards/en,250113 10:08,250113 10:54,n/a,CIMB Rewards,n/a,n/a,https://x.com/Houdini_My/status/1878636827877474810,n/a
hxxps://cimbreswrdss[.]top/i,250112 17:01,250112 19:17,Fake BTS,CIMB Rewards,n/a,n/a,https://x.com/leemarkkk2/status/1878400948650823903,n/a
cimbdyn[.]de,250111 19:05,250111 19:08,Smishing,CIMB Rewards,n/a,n/a,https://x.com/syapeilukman/status/1878036164843888785,n/a
hxxps://cimbclikcs[.]top/i,250111 11:06,250111 13:25,n/a,CIMB Rewards,n/a,n/a,https://x.com/Houdini_My/status/1877949994025763054,n/a
hxxps://cimbclick[.]myen[.]top/rewards/en,250109 16:54,250110 14:13,Fake BTS,CIMB Rewards,68333,n/a,https://x.com/riyuna_lee/status/1877599683054334351,n/a
hxxps://cimbclick[.]myen[.]top/rewards/en,250109 19:24,250109 20:38,n/a,CIMB Rewards,n/a,n/a,https://x.com/Nashman/status/1877334147791991239,n/a
hxxps://cimb-clickscd[.]vip/limit,250107 16:46,250107 16:51,Fake BTS,CIMB Rewards,n/a,n/a,https://x.com/JyohnDoe/status/1876552300891975725,https://x.com/RationalGuy911/status/1875884392171872523
hxxps://maybanksc2u[.]com/my,250105 12:56,250105 17:49,Fake BTS,Maybank Rewards,66628,n/a,https://x.com/RationalGuy911/status/1875842124664725569,https://x.com/RationalGuy911/status/1875884392171872523
hxxps://maybankse2u[.]com/my,250105 17:46,250105 17:49,Fake BTS,Maybank Rewards,66628,n/a,https://x.com/RationalGuy911/status/1875842124664725569,https://x.com/RationalGuy911/status/1875884392171872523
hxxps://cimbclicke[.]top/i,250105 15:31,250105 17:39,n/a,CIMB Rewards,n/a,n/a,https://x.com/wilsonyimby/status/1875839627199963528,n/a
hxxps://maybanku2u[.]com/my,250103 18:20,250104 21:04,Fake BTS,Maybank Rewards,66628,n/a,https://x.com/RationalGuy911/status/1875528805315695093,https://x.com/RationalGuy911/status/1875884392171872523
hxxps://maybankss2u[.]com/my,250104 11:09,250104 21:04,Fake BTS,Maybank Rewards,66628,n/a,https://x.com/RationalGuy911/status/1875528805315695093,https://x.com/RationalGuy911/status/1875884392171872523
hxxps://maybankf2u[.]com/my,250103 14:15,250103 22:09,Fake BTS,Maybank Rewards,66628,n/a,https://x.com/nnnuuns/status/1875182698471588210,n/a
hxxps://aecimbclicks[.]bcns[.]ai/my,250101 10:42,250103 10:35,Fake BTS,CIMB Rewards,68833,n/a,https://x.com/n_puspanathan/status/1875007968347050370,n/a
hxxps://cvcimbclicks[.]bcns[.]ai/my,250102 18:57,250102 19:00,n/a,CIMB Rewards,n/a,n/a,https://x.com/machaofkl/status/1874772740345073915,n/a
hxxps://maybankl2u[.]com/myb,250102 11:02,250102 13:49,n/a,Maybank Rewards,n/a,n/a,https://x.com/zainiezainuddin/status/1874694505594847506,n/a
hxxps://maybankc2u[.]com/myb,241231 17:55,241231 17:59,n/a,Maybank Rewards,n/a,n/a,https://x.com/mr_napie/status/1874032626023243981,n/a
hxxps://cimjrntbclicks[.]top/my,241230 16:46,241230 17:35,Fake BTS,CIMB Rewards,n/a,n/a,https://x.com/AsrilNorman/status/1873664253686923436,n/a
hxxps://cimbclick[.]top/rewards/en,241230 16:01,241230 17:18,Fake BTS,CIMB Rewards,n/a,n/a,https://x.com/shahril_yey/status/1873659813454066151,n/a
hxxps://cimb-mylimit[.]vip/limit,241230 12:16,241230 13:44,Fake BTS,CIMB Rewards,n/a,n/a,https://x.com/myhyazid/status/1873606116216811680,n/a
hxxps://cimblcliciks[.]com/my,n/a,241228 18:47,Fake BTS,CIMB Rewards,n/a,n/a,https://x.com/fruhrzf/status/1872957605808881940,n/a
hxxps://acimbclilx[.]link/my,241227 13:36,241227 15:16,Fake BTS,CIMB Rewards,n/a,n/a,https://x.com/SHLee76129543/status/1872542010181390656,n/a
hxxps://jtexpers[.]top/i,241227 11:43,241227 15:16,Fake BTS,Parcel,n/a,n/a,https://x.com/SHLee76129543/status/1872542010181390656,n/a
hxxps://cisembhcmclicks[.]top/my,241226 13:56,241226 13:56,Fake BTS,CIMB Rewards,n/a,n/a,,
hxxps://senarikanbantuanewalet[.]myr-in[.]com/ap/,n/a,241225 18:49,Telegram Phishing,Bantuan ewallet,n/a,"const telegramBotToken1 = '8149528199:AAGLCat3RMcbfyIoXYRrVv2BmzjsChoZON4';
const bot1ChatId = '7403153449';",https://urlscan.io/result/12465b49-0737-4122-bad2-97b0bb223e1e/,https://urlscan.io/result/12465b49-0737-4122-bad2-97b0bb223e1e/
hxxps://p0rtal-ebantuantunai2025[.]my[.]id/,n/a,241225 14:47,Telegram Phishing,Bantuan ewallet,n/a,"const telegramBotToken1 = '7622599578:AAFspLQ6Q-21786C4wmE3lDcnvWznE6HFQY';
const bot1ChatId = '6963624372';",https://urlscan.io/result/b3b41ca7-10cf-4d35-b1de-270f54e41600/,https://urlscan.io/result/b3b41ca7-10cf-4d35-b1de-270f54e41600/
hxxps://bantuantunai[.]info-myl[.]com/myk/,n/a,241225 13:54,Telegram Phishing,Bantuan ewallet,n/a,"const telegramBotToken1 = '7737583012:AAEIUW9eDzTHNG0G-XiCNKGUVz2-Eno0ngY';
const bot1ChatId = '7650224687';",https://urlscan.io/result/3fac2842-2049-4de9-8995-e6bd48ec2b5b,https://urlscan.io/result/3fac2842-2049-4de9-8995-e6bd48ec2b5b
senarikanbantuanewalet[.]myr-in[.]com,n/a,241224 11:54,Telegram Phishing,Bantuan ewallet,n/a,"const telegramBotToken1 = '7776017162:AAG_-VTEbJyALR1Qe9Dy7Pde5GjwRdIGlrw';
const bot1ChatId = '1892662415';",https://urlscan.io/result/32669842-2429-4e4c-9a7f-2881bc153a9c,https://urlscan.io/result/32669842-2429-4e4c-9a7f-2881bc153a9c
hxxps://cigtfmbmuyclicks[.]top/my,241223 13:00,241223 13:07,Fake BTS,CIMB Rewards,n/a,n/a,https://x.com/ainaesther/status/1871059923477594463,n/a
hxxps://njimy[.]net/mypoint,241122 10:21,241222 14:06,Fake BTS,Maxis Rewards,n/a,n/a,https://x.com/Noble55857459/status/1870712606861988100,n/a
hxxps://cimb-clinck[.]cc/M,n/a,241220 16:10,n/a,CIMB Rewards,n/a,n/a,https://urlscan.io/result/d2c79126-3a03-4aed-b466-057d16b7ca72/,https://urlscan.io/result/d2c79126-3a03-4aed-b466-057d16b7ca72/
hxxps://maxis-my-g[.]link/mypoint,241219 15:32,241219 15:37,Fake BTS,Maxis Rewards,n/a,n/a,https://x.com/adibkhld/status/1869648199969083499,n/a
hxxps://chimbiclicck[.]top/amy,241121 20:12,241218 14:09,Fake BTS,CIMB Rewards,n/a,n/a,https://x.com/RonAsraff/status/1869263766711648367,n/a
hxxps://cimbcard[.]my/points,241217 12:53,241217 17:42,Fake BTS,CIMB Rewards,n/a,n/a,https://x.com/SisSitiHisham/status/1868954995653329133,n/a
hxxps://cimbbonus[.]my/points,241216 12:30,241216 13:30,Fake BTS,CIMB Rewards,n/a,n/a,https://x.com/rrayzz97/status/1868528994213339384,n/a
hxxps://my-10o[.]vip/CIMB,241130 16:38,241216 13:30,Fake BTS,CIMB Rewards,n/a,n/a,https://x.com/rrayzz97/status/1868528994213339384,n/a
hxxps://bcns[.]ai/ox2igl,n/a,241213 20:49,Fake BTS,CIMB Rewards,n/a,n/a,https://x.com/maru2017pan/status/1867552369971802438,https://x.com/xanda/status/1867857198728315312
poscomy[.]top,n/a,241212 18:19,Fake BTS,Pos Malaysia,68886,n/a,https://x.com/xanda/status/1867152328652189851,https://x.com/xanda/status/1867152328652189851
pos-my-p[.]life,n/a,241212 18:19,Fake BTS,Pos Malaysia,68886,n/a,https://x.com/xanda/status/1867152328652189851,https://x.com/xanda/status/1867152328652189851
hxxps://pos-my-p[.]life/mypost,241212 13:01,241212 17:42,Fake BTS,Pos Malaysia,68886,n/a,https://x.com/robinm1208/status/1867142906550931739,n/a
hxxps://my-l00[.]vip/CIMB,n/a,241212 15:56,Fake BTS,CIMB Rewards,n/a,n/a,https://x.com/i4stlc/status/1867116342551384247,https://x.com/i4stlc/status/1867116342551384247
hxxps://rmy-l00[.]vip/CIMB,n/a,241212 15:56,Fake BTS,CIMB Rewards,n/a,n/a,https://x.com/i4stlc/status/1867116342551384247,https://x.com/i4stlc/status/1867116342551384247
ceolcomR[.]us/my,241212 11:05,241212 15:51,Smishing,Celcom Rewards,n/a,n/a,https://x.com/xanda/status/1867115006791389361,n/a
accimbclicksses[.]help,n/a,241212 11:54,Fake BTS,CIMB Rewards,n/a,n/a,https://x.com/xanda/status/1867031053577421236,https://x.com/xanda/status/1867031053577421236
accimbclicxs[.]xyz,n/a,241212 11:54,Fake BTS,CIMB Rewards,n/a,n/a,https://x.com/xanda/status/1867031053577421236,https://x.com/xanda/status/1867031053577421236
cimbclige[.]top,n/a,241212 11:54,Fake BTS,CIMB Rewards,n/a,n/a,https://x.com/xanda/status/1867031053577421236,https://x.com/xanda/status/1867031053577421236
cimbcicks[.]lat,n/a,241212 10:17,Fake BTS,CIMB Rewards,n/a,n/a,https://x.com/xanda/status/1867031053577421236,https://x.com/xanda/status/1867031053577421236
cimb-cliock[.]cc,n/a,241212 10:17,Fake BTS,CIMB Rewards,n/a,n/a,https://x.com/xanda/status/1867031053577421236,https://x.com/xanda/status/1867031053577421236
cimb-cliuck[.]link,n/a,241212 10:17,Fake BTS,CIMB Rewards,n/a,n/a,https://x.com/xanda/status/1867031053577421236,https://x.com/xanda/status/1867031053577421236
cimbclivrx[.]top,n/a,241212 10:17,Fake BTS,CIMB Rewards,n/a,n/a,https://x.com/xanda/status/1867031053577421236,https://x.com/xanda/status/1867031053577421236
cimb-clizck[.]link,n/a,241212 10:17,Fake BTS,CIMB Rewards,n/a,n/a,https://x.com/xanda/status/1867031053577421236,https://x.com/xanda/status/1867031053577421236
ceclcomR[.]us/my,241211 17:56,241211 20:34,Smishing,Celcom Rewards,n/a,n/a,https://x.com/xanda/status/1866823945816768902,n/a
hxxps://cimbcickss[.]bcns[.]ai/my,241211 10:53,241211 10:57,Fake BTS,CIMB Rewards,n/a,n/a,https://x.com/Houdini_My/status/1866678674562617576,n/a
hxxps://cimbclicks[.]bcns[.]ai/my,241201 16:52,241205 17:34,Fake BTS,CIMB Rewards,n/a,n/a,https://x.com/fadh_mohammad/status/1864604157451358344,n/a
hxxps://my-103[.]vip/CIMB,241205 17:14,241205 17:34,Fake BTS,CIMB Rewards,n/a,n/a,https://x.com/fadh_mohammad/status/1864604157451358344,n/a
hxxps://www.maxls-my[.]com/points,241204 19:33,241204 21:40,Fake BTS,Maxis Rewards,n/a,n/a,https://x.com/kaien_lam/status/1864303869167386800,https://x.com/kaien_lam/status/1864303869167386800
celcom-my[.]shop,n/a,241203 17:39,n/a,n/a,n/a,n/a,https://x.com/xanda/status/1863880711826256366,https://x.com/xanda/status/1863880711826256366
celcomour[.]click,n/a,241203 17:39,n/a,n/a,n/a,n/a,https://x.com/xanda/status/1863880711826256366,https://x.com/xanda/status/1863880711826256366
hxxps://cimb-clicks[.]com/my,241203 14:49,241203 14:53,Fake BTS,CIMB Rewards,n/a,n/a,https://x.com/schumioo/status/1863838921282773232,n/a
hxxps://maxlsdesign[.]top/mypoint,241202 15:45,241202 19:56,Fake BTS,Maxis Rewards,n/a,n/a,https://x.com/bolehniboleh/status/1863552763936018452,n/a
hxxps://cimbclickf[.]top/imy,241128 17:24,241128 20:27,Fake BTS,CIMB Rewards,n/a,n/a,https://x.com/dishenkumar/status/1862111156544196936,n/a
hxxps://cimbclickb[.]top/,241127 11:31,241127 22:41,Fake BTS,CIMB Rewards,n/a,n/a,https://x.com/__earth/status/1861782450554523660,n/a
hxxps://bit[.]ly/4fYQ2JC?JQT=fjZ7WRqTKH,241125 10:01,241125 10:30,RCS,Postage RCS,n/a,hxxps://conz[.]world/gDTdp,https://x.com/rajendramch/status/1860873728793755650,n/a
hxxps://maxisus[.]com/mypoint,240925 15:37,241123 16:02,Fake BTS,Maxis Rewards,n/a,n/a,https://x.com/AmmarAmin_/status/1860232503963041912,n/a
hxxps://maxls[.]org/mypoint,241123 15:58,241123 16:02,Fake BTS,Maxis Rewards,n/a,n/a,https://x.com/AmmarAmin_/status/1860232503963041912,n/a
hxxps://moxmy[.]org/mypoint,241121 14:13,241123 16:02,Fake BTS,Maxis Rewards,n/a,n/a,https://x.com/AmmarAmin_/status/1860232503963041912,n/a
hxxps://njimy[.]net/mypoint,241122 15:28,241123 16:02,Fake BTS,Maxis Rewards,n/a,n/a,https://x.com/AmmarAmin_/status/1860232503963041912,n/a
hxxps://maxls-my[.]life/mypoint,241118 14:38,241118 23:10,Fake BTS,Maxis Rewards,n/a,n/a,https://x.com/GraceChi89/status/1858528261615301078,n/a
hxxps://maxls-my[.]life/mypoint,241118 10:10,241118 10:18,Fake BTS,Maxis Rewards,n/a,n/a,https://x.com/darkkadabra/status/1858333901728710685,n/a
hxxps://maxis-my[.]boats/m,241115 12:43,241115 23:49,Fake BTS,Maxis Rewards,n/a,n/a,https://x.com/tmscamcheck/status/1857450834562548007,n/a
hxxps://goimhf[.]vip/CIMB,241114 18:02,241114 19:26,n/a,CIMB Rewards,n/a,n/a,https://x.com/thereo_owrr/status/1857022310688944230,n/a
jtexpeesp[.]pw,241111 14:55,241111 15:09,Smishing,J&T Express,n/a,n/a,https://x.com/el_flynn/status/1855870493666017721,n/a
hotlinkmyc[.]link,n/a,241110 16:13,n/a,Maxis Rewards,n/a,n/a,https://x.com/NoCaptchaRobot/status/1855524206395674692,n/a
polntofyou[.]in,n/a,241110 16:13,n/a,Maxis Rewards,n/a,n/a,https://x.com/NoCaptchaRobot/status/1855524206395674692,n/a
hudnae[.]link,241107 18:07,241107 18:14,Smishing,Maxis Rewards,n/a,n/a,https://x.com/Jarashied/status/1854467368900043001,n/a
hxxps://mytnb[.]ink/my,n/a,241106 22:44,Fake BTS,TNB Bill,n/a,n/a,https://x.com/tmscamcheck/status/1854173046996890037,n/a
hxxps://my-notify[.]vip,241105 17:48,241105 17:49,n/a,CIMB Rewards,n/a,n/a,https://x.com/k1nghans/status/1853736307773845528,n/a
hxxps://jtexpre[.]vip/my,241028 16:15,241028 21:54,Fake BTS,J&T Express,n/a,n/a,https://x.com/e7eena/status/1850898825386566059,n/a
hxxps://mybayarh[.]icu/my,241023 12:59,241023 13:21,Fake BTS,PDRM Tax,n/a,n/a,https://x.com/CatsuCarry/status/1848957981041561652,n/a
hxxps://mybayarm[.]cyou/my,241022 15:42,241022 15:56,Fake BTS,PDRM Tax,n/a,n/a,https://x.com/arieffredza/status/1848634639839318188,n/a
hxxps://shopeebest[.]shop/my,241021 19:28,241021 21:16,Smishing,Shopee Rewards,n/a,n/a,https://x.com/faiz_djamil/status/1848352605967352146,n/a
hxxps://mybayarc[.]cyou/my,241020 19:17,241020 20:27,Fake BTS,PDRM Tax,n/a,n/a,https://x.com/ByJasonNg/status/1847977884922810711,n/a
hxxps://mybayarc[.]cyou/my,241020 19:35,241020 20:03,Fake BTS,PDRM Tax,n/a,n/a,https://x.com/farahharith/status/1847971962699813233,n/a
hxxps://mybayarn[.]top/my,241017 17:16,241017 17:21,Fake BTS,PDRM Tax,n/a,n/a,https://x.com/meor_shahiran/status/1846843938533265914,n/a
hxxps://mybayarshop[.]icu/my,241016 16:57,241016 17:20,n/a,PDRM Tax,n/a,n/a,https://x.com/RobsonDeMCap/status/1846481302389932378,n/a
hotlinkac[.]link,241013 15:21,241013 18:11,Smishing,Maxis Rewards,n/a,n/a,https://x.com/runzuerun/status/1845406993277931666,n/a
hotlinkula[.]link,241013 16:17,241013 16:48,Smishing,Maxis Rewards,n/a,n/a,https://x.com/_husnamnsr/status/1845386024706621713,n/a
www[.]mshkucs[.]date,241013 16:26,241013 16:39,Smishing,Maxis Rewards,n/a,n/a,https://x.com/NoCaptchaRobot/status/1845383934462537979,n/a
hxxps://moxis-my[.]top/mypoint,241002 17:09,241007 19:01,n/a,Maxis Rewards,n/a,n/a,https://x.com/vernieman/status/1843245363026932152,n/a
hxxps://moxis-my[.]life/mypoint,241001 12:04,241001 15:56,Fake BTS,Maxis Rewards,n/a,n/a,https://x.com/zahaniszakuan/status/1841024296430559560,n/a
hxxps://moxis-my[.]life/mypoint,n/a,241001 12:30,n/a,Maxis Rewards,n/a,n/a,https://x.com/aliasalleh_/status/1840972515612770516,n/a
hxxps://moxis-my[.]live/mypoint,240928 14:24,240928 14:53,Fake BTS,Maxis Rewards,n/a,n/a,https://x.com/BarneyLai/status/1839921288988766315,n/a
max-isojlt[.]biz,240926 15:38,240927 08:30,Smishing,Maxis Rewards,n/a,n/a,https://x.com/SirMickW/status/1839462604525412498,n/a
hxxps://possoft[.]sbs/my,240707 16:35,240926 14:25,iMessage,Parcel,hatairat1989@gmail[.]com,n/a,https://x.com/knz_mp_/status/1839189636977144140,n/a
maxiswork[.]one/m,240925 15:35,240925 17:36,iMessage,Maxis Rewards,dantonio[.]marino@gmail[.]com,n/a,https://x.com/NoCaptchaRobot/status/1838875152978964880,n/a
ihelpdesk[.]mbsbbanks[.]com,n/a,240925 14:32,Phishing,Google Login,n/a,n/a,https://x.com/Gi7w0rm/status/1838828935351591241,https://x.com/Gi7w0rm/status/1838828935351591241
hxxps://maxismy[.]com/mypoint,240920 15:46,240925 11:43,Fake BTS,Maxis Rewards,n/a,n/a,https://x.com/zahaniszakuan/status/1838786279842156993,n/a
hxxps://maxisus[.]com/mypoint,240925 11:28,240925 11:43,Fake BTS,Maxis Rewards,n/a,n/a,https://x.com/zahaniszakuan/status/1838786279842156993,n/a
hxxps://maxis-your[.]top/mypoint,n/a,240925 11:43,Fake BTS,Maxis Rewards,n/a,n/a,https://x.com/zahaniszakuan/status/1838786279842156993,n/a
hxxps://kfc[.]com@bit[.]ly/3AK5UQO ,n/a,240923 00:00,n/a,KFC Promo,n/a,n/a,https://kfc.com.my/scam-alert,n/a
hxxps://kfc[.]com@bit[.]ly/3MuDKMp ,n/a,240923 00:00,n/a,KFC Promo,n/a,n/a,https://kfc.com.my/scam-alert,n/a
maxisexdsc[.]info,240920 10:12,240920 17:51,Smishing,Maxis Rewards,n/a,n/a,https://x.com/syhrhrhys/status/1837067103628648719,n/a
hxxps://bit[.]ly/3AX6omQ,240920 13:36,240920 12:10,Fake BTS,Maxis Rewards,n/a,hxxps://maxis-integral[.]work/5378,https://x.com/xanda/status/1836981185756430703,https://x.com/xanda/status/1836981185756430703
hxxps://shorturl[.]at/J55Qt,240819 19:34,240920 12:10,Fake BTS,Asia899,n/a,n/a,https://x.com/xanda/status/1836981185756430703,https://x.com/xanda/status/1836981185756430703
hxxps://touchngo-com-my[.]life/mypoint,240920 16:39,240920 12:10,Fake BTS,T&G Rewards,n/a,n/a,https://x.com/xanda/status/1836981185756430703,https://x.com/xanda/status/1836981185756430703
hxxps://qrco[.]de/bfPT4c?UpH,240919 11:57,240919 12:00,RCS,T&G Rewards,n/a,n/a,https://x.com/nurjeevangsr/status/1836616375265329562,n/a
hxxps://maxismy[.]blog/mypoint,n/a,240919 11:05,n/a,Maxis Rewards,n/a,n/a,https://x.com/Beverley_Ong/status/1836602536557711761,n/a
hxxps://maxis-your[.]top/mypoint,240918 19:35,240918 19:52,n/a,Maxis Rewards,n/a,n/a,https://x.com/azharirahim/status/1836372733653107139,n/a
hxxps://qrco[.]de/bfO8eM?Fgd=m1ESJhHjFw?KbF=WxsBeLGysP,240912 15:10,240912 15:38,RCS,Maxis Rewards,n/a,n/a,https://x.com/AwatifWardina/status/1834134415762751569,n/a
hxxps://maxis[.]boutique/mypoint,240910 17:35,240910 17:47,Fake BTS,Maxis Rewards,n/a,n/a,https://x.com/shaqvision/status/1833442116061802830,n/a
hxxps://maxis-my[.]blog/mypoint,240906 17:36,240910 17:47,Fake BTS,Maxis Rewards,n/a,n/a,https://x.com/shaqvision/status/1833442116061802830,n/a
maixmy[.]cc,240831 17:35,240908 17:30,Smishing,Maxis Rewards,n/a,n/a,https://x.com/NT1871/status/1832713115500437518,n/a
hxxps://maxis-my[.]blog/mypoint,240906 15:38,240907 11:09,Fake BTS,Maxis Rewards,n/a,n/a,https://x.com/shahirahhhh/status/1832254820302123282,n/a
hxxps://mhiasv[.]cc/Q,240906 15:51,240907 11:09,Fake BTS,Maxis Rewards,n/a,n/a,https://x.com/shahirahhhh/status/1832254820302123282,n/a
hxxps://maxis-my[.]blog/mypoint,240906 16:09,240906 16:24,Fake BTS,Maxis Rewards,n/a,n/a,https://x.com/Mandave2199/status/1831971634640748944,n/a
hxxps://maxis[.]fit/mypoint,240902 11:13,240902 11:14,n/a,Maxis Rewards,n/a,n/a,https://x.com/9w2axz/status/1830444160882810923,n/a
hxxps://maxis[.]city/mypoint,240901 17:37,240901 18:25,Fake BTS,Maxis Rewards,n/a,n/a,https://x.com/jcf_9191/status/1830190278483067144,n/a
hxxps://maxis[.]asia/mypoint,240831 18:52,240831 19:18,Fake BTS,Maxis Rewards,n/a,n/a,https://x.com/ansonkia/status/1829841113219502507,n/a
hxxps://my[.]jtexpres[.]top/gob,240830 18:09,240830 18:41,n/a,J&T Express,n/a,n/a,https://x.com/hsaytoc/status/1829469591828914368,n/a
hxxps://maxis[.]blog/mypoint,240827 11:53,240827 13:25,Fake BTS,Maxis Rewards,n/a,n/a,https://x.com/riezforester/status/1828302795277054065,n/a
hxxps://maxisapp[.]club/mypoint,n/a,240827 13:25,Fake BTS,Maxis Rewards,n/a,n/a,https://x.com/riezforester/status/1828302795277054065,n/a
hxxps://maxisapp[.]club/mypoint,n/a,240826 19:45,n/a,Maxis Rewards,n/a,n/a,https://x.com/Beverley_Ong/status/1828036014172209463,n/a
hxxps://maxis[.]bar/mypoint,240825 17:10,240825 17:26,n/a,Maxis Rewards,n/a,n/a,https://x.com/THCannaz/status/1827638691193651561,n/a
hxxps://maxis-com-my[.]best/mypoint,240823 16:08,240823 16:13,Fake BTS,Maxis Rewards,n/a,n/a,https://x.com/funzool/status/1826895417071862187,n/a
hxxps://maxiscommyapp[.]lat/mypoint,240816 13:40,240816 14:13,Fake BTS,Maxis Rewards,n/a,n/a,https://x.com/srhlaaa26/status/1824328528336240955,n/a
hxxps://maxiscommyapp[.]lat/mypoint,240816 10:32,240816 10:42,Fake BTS,Maxis Rewards,n/a,n/a,https://x.com/Ionelyfans/status/1824275450061000752,n/a
hxxps://tnb-com-my[.]top/mytnb,n/a,240816 00:00,n/a,TNB Bill,n/a,n/a,https://www.facebook.com/TNBCareline/posts/%EF%B8%8F-amaran-sms-spoofing-menggunakan-nama-tnb-%EF%B8%8Fberwaspada-sekiranya-anda-menerima-n/903866848438544/,n/a
hxxps://lihi[.]cc/gRFsQ,240814 13:20,240814 13:42,n/a,Maxis Rewards,n/a,hxxps://maxisus[.]lol/my,https://x.com/tiger2408303677/status/1823596081940455911,https://linkunshorten.com/?url=https%3A%2F%2Flihi.cc%2FgRFsQ
hxxps://maxis-com-my[.]boats/mypoint,240809 11:30,240809 22:50,n/a,Maxis Rewards,n/a,n/a,https://x.com/IzzyWafi/status/1821922027986456594,n/a
hxxps://maxis-com-my[.]link/mypoint,240809 12:05,240809 16:23,Fake BTS,Maxis Rewards,n/a,n/a,https://x.com/dsaintx/status/1821824711275508028,n/a
hxxps://maxis-com-my[.]one/mypoint,240809 11:39,240809 16:23,Fake BTS,Maxis Rewards,n/a,n/a,https://x.com/dsaintx/status/1821824711275508028,n/a
hxxps://maxis-com-my[.]lat/mypoint,240807 11:14,240807 19:42,Fake BTS,Maxis Rewards,n/a,n/a,https://x.com/PersieRizz/status/1821149883463823686,n/a
hxxps://maxis-com-my[.]link/mypoint,240805 14:15,240805 14:38,Fake BTS,Maxis Rewards,n/a,n/a,https://x.com/TheNicciC/status/1820348527068996064,n/a
hxxps://pos-my[.]buzz/mypost,240726 09:37,240726 09:47,Fake BTS,Pos Malaysia,n/a,n/a,https://x.com/TheNicciC/status/1816651539790057816,n/a
hxxps://pos-my[.]co/mypost,240725 17:13,240726 09:47,Fake BTS,Pos Malaysia,n/a,n/a,https://x.com/TheNicciC/status/1816651539790057816,n/a
hxxps://maxiscom[.]top/mypoint,240722 16:56,240722 17:43,n/a,Maxis Rewards,n/a,n/a,https://x.com/TheNicciC/status/1815321663422247351,n/a
hxxps://maxiscommy[.]one/mypoint,240721 14:53,240721 17:46,Fake BTS,Maxis Rewards,n/a,n/a,https://x.com/Raven20976965/status/1814960101465497704,n/a
hxxps://uamerica[.]compuaulas[.]com/go/card[.]php,240709 13:29,240719 00:00,Phishing,MyGov Overpayment,n/a,n/a,https://www.mycert.org.my/portal/advisory?id=MA-1101.072024,n/a
hxxp://petronproject[.]com/,n/a,240715 00:00,n/a,Fake Petron,n/a,n/a,https://www.petron.com.my/cyber-protection/protect-yourself-from-scammers/,n/a
hxxps://petronscheme[.]com/,n/a,240715 00:00,n/a,Fake Petron,n/a,n/a,https://www.petron.com.my/cyber-protection/protect-yourself-from-scammers/,n/a
hxxps://maxis-com-my[.]online/mypoint,n/a,240713 22:16,n/a,Maxis Rewards,n/a,n/a,https://x.com/FizieJame/status/1812128877474656703,n/a
hxxps://posmyolab[.]ink/my,240625 19:23,240625 20:10,iMessage,Parcel,gilliantja8@gmail[.]com,n/a,https://x.com/knz_mp_/status/1805574368166314237,n/a
hxxps://bit[.]ly/3XoJnCu?HFw=6X25pfRXGp,240614 20:23,240615 10:47,RCS,Maxis Rewards,n/a,hxxps://s[.]maxisvip[.]cc/gob,https://x.com/wfr3104/status/1801808674421412065,https://www.virustotal.com/gui/url/8dd7fa3925d1ec0a460c63998f832a20f49f96b7d955f694220f5f60d89dd4df/details
hxxps://bit[.]ly/3xg6GUw,240612 11:49,240612 11:50,iMessage,Maxis Rewards,6fklc2wnpolinggina@gmail[.]com,hxxps://maxiszbw[.]top/my,https://x.com/wilsonyimby/status/1800737457379664169,https://www.virustotal.com/gui/url/1c29dd0534e3a1e0dfa4f67d98b566b6f0a2c0c59890eda3e4b37c083694f9f4/details
hxxps://vitropos[.]life/my,240531 14:42,240531 14:49,Fake BTS,Pos Malaysia,n/a,n/a,https://x.com/ikin4lyfer/status/1796433853030224081,n/a
hxxps://qrco[.]de/bf52dG?Uue=UekDAzYDFL,240521 14:21,240521 14:27,RCS,Maxis Rewards,n/a,n/a,https://x.com/MrMiie/status/1792804461175521289,n/a
hxxps://maxis-az[.]top/my,240517 16:27,240517 16:53,Whatsapp,Maxis Rewards,"""+234 901 970 7259""",n/a,https://x.com/SriHaleela/status/1791391477102485857,n/a
hxxps://is[.]gd/dhmBZK?Dgq=oJdsSePHOu,240416 17:20,240416 18:09,Smishing,J&T Express,n/a,hxxps://livposl[.]xyz/CtqgGM,https://x.com/faiyoke/status/1780176685280936079,n/a
hxxps://is[.]gd/N1eV93?zaY=oS9FN3KqBd,240415 14:29,240415 19:10,RCS,Parcel,n/a,n/a,https://x.com/zatbesi95/status/1779829737717997801,n/a
hxxps://maxis-com-my[.]cc/mypoint,240407 12:26,240407 20:40,n/a,Maxis Rewards,n/a,n/a,https://x.com/vernieman/status/1776953185384698026,n/a
hxxps://maxis-com-my[.]info/mypointclick,n/a,240406 16:08,n/a,Maxis Rewards,n/a,n/a,https://x.com/SharmineIshak/status/1776522250935832851,n/a
hxxps://tinyurl[.]com/y7auhcjm?vnU=7YLpezeOBW,240406 10:52,240406 13:43,Smishing,Parcel,n/a,hxxps://pos-me-my[.]top/cr?vnU=7YLpezeOBW,https://x.com/syawix/status/1776485942523781580,https://linkunshorten.com/?url=https%3A%2F%2Ftinyurl.com%2Fy7auhcjm%3FvnU%3D7YLpezeOBW
hxxps://tinyurl[.]com/dfp3nn3k?bxh=yTQqCDMBWH,240406 10:15,240406 10:20,RCS,Parcel,n/a,hxxps://postudl-dyt[.]icu/i?bxh=yTQqCDMBWH,https://x.com/hijau_kucing/status/1776434705069707724,https://linkunshorten.com/?url=https%3A%2F%2Ftinyurl.com%2Fdfp3nn3k%3Fbxh%3DyTQqCDMBWH
hxxps://maxis-ed[.]top/my?xnk=bCzWehyMZk,240405 18:05,240405 18:20,Smishing,Maxis Rewards,n/a,n/a,https://x.com/nektime_/status/1776193262174589370,n/a
hxxps://postlabsolutions[.]buzz/mypost,n/a,240405 08:41,n/a,Pos Malaysia,n/a,n/a,https://x.com/venshkri/status/1776047453722317194,n/a
hxxps://bcns[.]ai/IlrjFU,240404 14:25,240404 14:38,n/a,Maxis Rewards,n/a,maxismyday[.]xyz,https://x.com/marauderz/status/1754031622570336606,https://urlquery.net/report/da5b4453-03ae-4b81-864d-00591c86292a
hxxps://is[.]gd/Vk1YwF?YMX=4h71rTfhLP,240404 12:44,240404 12:48,RCS,Maxis Rewards,n/a,hxxps://maxlse[.]vip/gob,https://x.com/TheSoloRiderMY/status/1775747141597888722,https://linkunshorten.com/?url=https%3A%2F%2Fis.gd%2FVk1YwF%3FYMX%3D4h71rTfhLP
hxxps://qrco[.]de/bewPWM?zzA=RZ9QAeZJYK,240404 11:25,240404 11:31,Smishing,Maxis Rewards,n/a,n/a,https://x.com/SHLee76129543/status/1775727800978456720,n/a
is[.]gd/KQyeoM?EKd=Btuy6NE6Ue,240402 15:52,240403 10:45,RCS,Parcel,n/a,hxxps://posinstin[.]cfd/my,https://x.com/Aiman73564039/status/1775353876373553215,https://linkunshorten.com/?url=https%3A%2F%2Fis.gd%2FKQyeoM%3FEKd%3DBtuy6NE6Ue
hxxps://post-ricon[.]cc/mypost,240401 17:44,240401 18:41,Fake BTS,Pos Malaysia,68886,n/a,https://x.com/luxentX/status/1774748891495497806,n/a
hxxp://postdf-fjs[.]top/i,240331 17:13,240331 17:54,iMessage,Pos Malaysia,charlesmenqit@outlook[.]com,n/a,https://x.com/ohitsyh/status/1774374741136359853,n/a
hxxps://posttricon[.]site/mypost,240330 19:05,240330 21:18,n/a,Pos Malaysia,n/a,n/a,https://x.com/fairozeeeee/status/1774063574232846533,n/a
hxxps://posttricon[.]top/mypost,n/a,240328 14:28,n/a,Pos Malaysia,n/a,n/a,https://x.com/vernieman/status/1773235809618948596,n/a
hxxps://postrecruiting[.]top/mypost,240326 13:55,240327 11:35,n/a,Pos Malaysia,n/a,n/a,https://x.com/kawai_cheah/status/1772829716426453001,n/a
hxxps://post-my-app[.]xyz/mypost,240323 11:43,240323 14:07,Fake BTS,Pos Malaysia,68886,n/a,https://x.com/0cc935113bbc4b4/status/1771418428181815413,n/a
hxxps://pos-service-my[.]top/mypost,240322 17:36,240322 17:49,n/a,Pos Malaysia,n/a,n/a,https://x.com/bgonkhyun/status/1771111984865624281,n/a
hxxps://pos-service-my[.]top/mypost,240322 14:20,240322 16:01,Fake BTS,Pos Malaysia,68886,n/a,https://x.com/AdeeologyTweets/status/1771084744517910530,n/a
hxxps://posaop[.]top/i,240319 14:36,240319 17:52,iMessage,Pos Malaysia,josiahyttorres@hotmail[.]com,n/a,https://x.com/mentallyvain/status/1770025612604055885,n/a
hxxps://celcom-com-my[.]bar/mypoint,240318 10:28,240319 10:36,Fake BTS,Celcom Rewards,n/a,n/a,https://x.com/TheNicciC/status/1769915847789986060,n/a
hxxps://celcom-com-my[.]bar/mypoint,240318 13:37,240319 10:36,Fake BTS,Celcom Rewards,n/a,n/a,https://x.com/TheNicciC/status/1769915847789986060,n/a
hxxps://celcom-com-my[.]cc/mypoint,n/a,240319 10:36,Fake BTS,Celcom Rewards,n/a,n/a,https://x.com/TheNicciC/status/1769915847789986060,n/a
hxxps://celcom-com-my[.]site/mypoint,240318 17:38,240319 10:36,Fake BTS,Celcom Rewards,n/a,n/a,https://x.com/TheNicciC/status/1769915847789986060,n/a
hxxps://postpedia[.]click/mypost,240314 10:55,240315 14:31,Fake BTS,Pos Malaysia,68886,n/a,https://x.com/TheNicciC/status/1768525472420569543,n/a
hxxps://celcom-com-my[.]buzz/mypoint,240315 11:34,240315 11:38,Fake BTS,Celcom Rewards,n/a,n/a,https://x.com/whodisshamim/status/1768481809447424401,n/a
hxxps://ukr-postuo[.]top/ukrposhta,240313 16:47,240313 17:02,iMessage,Pos Malaysia,flyirl32@hotmail[.]com,n/a,https://x.com/eltheroo/status/1767838665634677212,n/a
hxxps://tradepostblog[.]buzz/mypost,240312 13:17,240312 13:52,n/a,Pos Malaysia,n/a,n/a,https://x.com/AddieBonjo/status/1767428480957034545,n/a
hxxps://tradepostblog24[.]online/mypost,240312 12:36,240312 12:39,n/a,Pos Malaysia,n/a,n/a,https://x.com/Jianina29/status/1767410109691650430,n/a
hxxps://posttechnologies[.]online/mypost,n/a,240311 18:33,n/a,Pos Malaysia,n/a,n/a,https://x.com/IbnuM77/status/1767136788504789021,n/a
hxxps://postconsulting[.]click/mypost,n/a,240310 21:43,Fake BTS,Pos Malaysia,68886,n/a,https://x.com/DeanOrDeen/status/1766822128899481854,n/a
hxxps://postconsulting[.]click/mypost,n/a,240310 11:23,n/a,Pos Malaysia,n/a,n/a,https://x.com/pxmpkin/status/1766666246806962602,n/a
hxxps://postcorp[.]lat/mypost,240309 17:14,240309 17:37,Fake BTS,Pos Malaysia,68886,n/a,https://x.com/yapxiang/status/1766397896369586650,n/a
hxxps://rebrand[.]ly/Pos21z,240309 14:07,240309 15:50,n/a,Pos Malaysia,n/a,hxxps://hhert[.]club/mypost/,https://x.com/alia_5895/status/1766370914722328716,https://www.virustotal.com/gui/url/c3116132c7bb32673d64fc701421600f5c1c6d482e49832d31fee5aeea7df2e9/details
hxxps://postconsulting[.]shop/mypost,240305 16:50,240305 17:16,Fake BTS,J&T Express,n/a,n/a,https://x.com/WRuwaida/status/1764942951233273886,n/a
hxxps://posmy[.]bcns[.]ai/jtexpress,240304 18:53,240304 20:41,Fake BTS,J&T Express,n/a,n/a,https://x.com/MuhdMuammar1998/status/1764632227508617320,n/a
hxxps://posmy[.]bcns[.]ai/jtexpress,240304 18:14,240304 18:20,Fake BTS,J&T Express,n/a,n/a,https://x.com/azrisaadon/status/1764596836034384222,n/a
hxxps://posmy[.]bcns[.]ai/update,240302 17:38,240303 13:47,n/a,Pos Malaysia,n/a,n/a,https://x.com/nura_z93/status/1764165596617576747,n/a
hxxps://shorturl[.]at/gCOUW?FJn=yWqVoum9Ui,n/a,240302 11:12,RCS,Pos Malaysia,n/a,n/a,https://x.com/KKfromnowhere/status/1763764412546977816,n/a
hxxps://points-shopping[.]buzz/mypoint,240301 11:56,240302 07:23,Fake BTS,Maxis Rewards,n/a,n/a,https://x.com/sophieanalis/status/1763706645144866820,n/a
hxxps://points-shopping[.]buzz/mypoint,240301 12:38,240301 13:16,Fake BTS,Maxis Rewards,n/a,n/a,https://x.com/steventsh/status/1763433101144015155,n/a
hxxp://tinyurl[.]com/43swnshx,240229 18:19,240229 18:32,Fake BTS,Maxis Rewards,n/a,hxxps://express-delivery[.]info/mypoint,https://x.com/steventsh/status/1763150327434588164,n/a
hxxp://tinyurl[.]com/4nbjbmtk?WqL=VHcHvrRoO7,240226 17:15,240226 17:18,RCS,Parcel,n/a,hxxps://posehomeexpressdelivery-my[.]top/9oE7kU?WqL=VHcHvrRoO7,https://x.com/haikalizz27/status/1762044481375998253,n/a
hxxps://rebrand[.]ly/kx5zvb8,n/a,240226 15:10,n/a,Pos Malaysia,n/a,hxxps://parcel24[.]info/mypost/,https://x.com/RockstarJay94/status/1762012302302449997,https://www.virustotal.com/gui/url/2fe0ff111f95ec4a3bc619f81e7a49aed089aae6ca87151ea28d651be4e4e6e8/details
hxxps://lihi[.]cc/Frqzz,240123 21:10,240224 15:42,Fake BTS,Parcel,61750,hxxps://pos[.]mazonvmxz[.]icu/my,https://x.com/keyrzk_/status/1761295413817282982,https://www.virustotal.com/gui/url/f691eead989cfbafb38c3035247a0d353d722bc020fe87e8274f16f210213427/details
hxxps://is[.]gd/p7RgPu,240222 17:38,240222 19:36,Fake BTS,Pos Malaysia,68886,hxxps://post-services-my[.]cc/mypost,https://x.com/funzool/status/1760629545848472004,https://www.virustotal.com/gui/url/201ec7c86638cc4e05f304e88c8bac2f145722cf62faa10cb018a39b3ff8dc96/details
hxxp://tinyurl[.]com/29u5uakz?Yoq=YixVfZjrPO,240222 11:06,240222 11:18,RCS,Pos Malaysia,n/a,hxxp://mypos4[.]top/my?Yoq=YixVfZjrPO,https://x.com/zatbesi95/status/1760504365926982087,n/a
hxxp://tinyurl[.]com/3xx2rdnn,240221 14:21,240221 14:24,iMessage,Pos Malaysia,stroopeneidaqi8486@gmail[.]com,n/a,https://x.com/aileenzainudin/status/1760188700389175477,n/a
hxxps://rebrand[.]ly/f3ka4e1,240220 12:44,240220 12:57,Fake BTS,Maxis Rewards,n/a,hxxps://points-exchange-my[.]info/mypoint/,https://x.com/faiz_djamil/status/1759804330096693604,https://www.virustotal.com/gui/url/3e9ef45bec95de2f7ac8695cb7433585fa894493c9a1ac50b7459f256fe3a445/details
hxxps://rebrand[.]ly/l4yt2bo,240219 13:07,240219 14:54,Fake BTS,Pos Malaysia,68886,n/a,https://x.com/callmebiebi/status/1759471443191161328,n/a
hxxps://is[.]gd/W5w4rn,240218 12:48,240218 13:21,Fake BTS,Pos Malaysia,68886,hxxps://postal-services-my[.]cc/mypost,https://x.com/obiwanfaiz/status/1759085795053601188,https://linkunshorten.com/?url=is.gd%2FW5w4rn
hxxps://is[.]gd/LegveM,n/a,240216 13:47,n/a,Pos Malaysia,n/a,hxxps://postal-service-my[.]info/mypost/,https://x.com/RockstarJay94/status/1758367549346210252,https://www.virustotal.com/gui/url/543a87903b8f168c0ebca75339ece5f931feb3593005264b221a43527de73b2f/details
hxxps://bcns[.]ai/IlrjFU,240205 10:38,240205 10:43,Fake BTS,Maxis Rewards,n/a,maxismyday[.]xyz,https://x.com/munchiesfluff/status/1754334989699940779,https://urlquery.net/report/da5b4453-03ae-4b81-864d-00591c86292a
hxxps://bcns[.]ai/IlrjFU,240204 19:39,240204 19:51,Fake BTS,Maxis Rewards,n/a,maxismyday[.]xyz,https://x.com/nikderi/status/1754110468862726362,https://urlquery.net/report/da5b4453-03ae-4b81-864d-00591c86292a
hxxps://bcns[.]ai/IlrjFU,240203 15:43,240203 22:58,Fake BTS,Maxis Rewards,n/a,maxismyday[.]xyz,https://x.com/suzuki1412/status/1753795188491964756,https://urlquery.net/report/da5b4453-03ae-4b81-864d-00591c86292a
hxxps://bcns[.]ai/DX8eY2,n/a,240201 16:21,Fake BTS,Maxis Rewards,n/a,n/a,https://x.com/RsydHkm/status/1752970446662938856,n/a
hxxps://bcns[.]ai/IlrjFU,240201 16:11,240201 16:21,Fake BTS,Maxis Rewards,n/a,maxismyday[.]xyz,https://x.com/RsydHkm/status/1752970446662938856,https://urlquery.net/report/da5b4453-03ae-4b81-864d-00591c86292a
hxxps://bcns[.]ai/QY89p0,n/a,240201 14:15,Fake BTS,Maxis Rewards,n/a,hxxps://maxismy[.]life/points,https://x.com/amirxjacobbb/status/1752938637900362165,https://www.virustotal.com/gui/url/f5a36831fcfb90563dc082968242ddbee1755b752490066ddbdafeeaac615454/details
hxxps://post6my[.]top/my,240121 16:18,240131 19:54,iMessage,Parcel,wzradxi5yzhr0@icloud[.]com,n/a,https://x.com/amarahbangjoe/status/1752661705065370106,n/a
hxxps://bcns[.]ai/DX8eY2,240127 17:53,240131 13:37,Fake BTS,Maxis Rewards,n/a,n/a,https://x.com/alan_tanh/status/1752566630415262026,n/a
hxxps://bcns[.]ai/QY89p0,240126 13:30,240131 13:37,Fake BTS,Maxis Rewards,n/a,hxxps://maxismy[.]life/points,https://x.com/alan_tanh/status/1752566630415262026,https://www.virustotal.com/gui/url/f5a36831fcfb90563dc082968242ddbee1755b752490066ddbdafeeaac615454/details
hxxp://tinyurl[.]com/dgskghkbvy?sTO=fq5Vab1M37,240126 15:20,240131 12:45,RCS,Pos Malaysia,n/a,hxxps://posmybbo[.]live/unOLox?sTO=fq5Vab1M37,https://x.com/zarazizan/status/1752553677494346025,n/a
hxxps://lihi[.]cc/y3XpP,240124 17:17,240131 11:57,Fake BTS,Pos Malaysia,61750,hxxps://post-aa[.]life/my,https://x.com/acelapiz/status/1752539069601788267,n/a
hxxp://tinyurl[.]com/ger2mypost?XkZ=H8oH6QP4My,240124 15:52,240131 11:53,Smishing,Parcel,n/a,hxxp://mypos5[.]vip/k?XkZ=H8oH6QP4My,https://x.com/cruxidex/status/1752540469140328918,n/a
hxxp://post-myoi[.]icu/k,240130 13:23,240130 16:35,iMessage,Pos Malaysia,n/a,n/a,https://x.com/LOLsusaho/status/1752249228968259678,n/a
hxxps://rb[.]gy/tizfqt,n/a,240128 21:43,Fake BTS,Pos Malaysia,68886,hxxps://poscom[.]top/POSMY,https://x.com/kreees/status/1751601867220783228,https://linkunshorten.com/?url=https%3A%2F%2Frb.gy%2Ftizfqt
hxxps://lihi[.]cc/bAZ29,240127 15:52,240127 16:28,Fake BTS,Pos Malaysia,n/a,n/a,https://x.com/davin_x/status/1751160295261904904,n/a
hxxps://bcns[.]ai/QY89p0,240126 16:17,240126 20:35,n/a,Maxis Rewards,n/a,hxxps://maxismy[.]life/points,https://x.com/ayashares/status/1750860076410421632,https://www.virustotal.com/gui/url/f5a36831fcfb90563dc082968242ddbee1755b752490066ddbdafeeaac615454/details
hxxps://post6my[.]lol/my,240119 18:56,240125 14:41,iMessage,Parcel,t6hmf4hfhgp43@icloud[.]com,n/a,https://x.com/uhohkimi/status/1750408526793736443,n/a
hxxps://tinyurl[.]com/glkg9kg2?goy=ieCxqm2AvL,240124 14:50,240124 19:24,RCS,Pos Malaysia,n/a,hxxps://postrdiers[.]info/029mBg?goy=ieCxqm2AvL,https://x.com/ardifd/status/1750117337939001384,https://www.virustotal.com/gui/url/a95125e6874c4c454aa326d017daa820993b2e8487ea16cdd04b8fa84513ad0c/details
hxxp://tinyurl[.]com/3zuwetru?Euk=o3mq5NCnLn,240124 13:31,240124 14:43,RCS,Pos Malaysia,n/a,hxxp://myposy[.]club/k?Euk=o3mq5NCnLn,https://x.com/SSRzain/status/1750046539601555880,n/a
hxxps://lihi[.]cc/Ezc3m,240124 13:36,240124 14:40,Fake BTS,Parcel,61750,hxxps://post-aa[.]info/my,https://x.com/hynjinlixx/status/1750045788183613575,https://www.virustotal.com/gui/url/774446cc6d046d4af92ffed78878fb301f277d518963e518d7ff7a6cb382cb3b/details
hxxps://lihi[.]cc/jBoeW,240124 10:09,240124 13:32,n/a,Pos Malaysia,n/a,hxxps://posmy[.]top/my,https://x.com/_annatasha_/status/1750028804440133868,n/a
rb[.]gy/4u5urn,240124 13:53,240124 13:05,n/a,Pos Malaysia,n/a,n/a,https://x.com/skybbluu/status/1749840814736592934,n/a
hxxps://lihi[.]cc/Frqzz,240123 23:06,240124 12:25,Fake BTS,Parcel,61750,hxxps://pos[.]mazonvmxz[.]icu/my,https://x.com/muizloda/status/1749830603619598724,https://www.virustotal.com/gui/url/f691eead989cfbafb38c3035247a0d353d722bc020fe87e8274f16f210213427/details
hxxps://lihi[.]cc/Frqzz,240123 21:47,240123 22:00,n/a,Parcel,n/a,hxxps://pos[.]mazonvmxz[.]icu/my,https://x.com/HFrhvn/status/1749794220658045221,https://www.virustotal.com/gui/url/f691eead989cfbafb38c3035247a0d353d722bc020fe87e8274f16f210213427/details
hxxps://linkr[.]it/3ONCJI,240123 14:50,240123 21:04,Fake BTS,Pos Malaysia,68886,hxxps://posmy[.]xyz/POSmy,https://x.com/nshahirahsheng/status/1749780113116590144,n/a
hxxps://rb[.]gy/i34e44,240122 11:04,240123 21:04,Fake BTS,Pos Malaysia,68886,hxxps://posapp[.]xyz/POSMY,https://x.com/nshahirahsheng/status/1749780113116590144,https://www.virustotal.com/gui/url/62fce66530044ed12ff57db8ac0402a577b98872c0a754d1c83b7eda568668b3/details
hxxps://pos-my[.]xyz/[.]com,240123 15:34,240123 17:32,iMessage,Pos Malaysia,jiangba11968@icloud[.]com,n/a,https://x.com/nidzafaiq_/status/1749726819849543867,n/a
hxxps://shorturl[.]at/aDJKT?Saw=pYeoNrGEj8,n/a,240123 16:03,RCS,Pos Malaysia,n/a,n/a,https://x.com/ruffleseed/status/1749704360349888893,n/a
hxxps://shorturl[.]at/aDJKT?NzN=6MbbHVeHbs,n/a,240123 15:33,n/a,Pos Malaysia,n/a,n/a,https://x.com/Caxidroidnigon/status/1749696796530741431,n/a
hxxps://rb[.]gy/fn8bie,n/a,240118 18:57,Fake BTS,Pos Malaysia,68886,hxxp://wwwposnow[.]top/POSMY,https://x.com/rsncdoie/status/1747936178219971004,https://www.virustotal.com/gui/url/0ad1c055cebb2288d2ced78aab6afab0c2061553cb9df58be3ba55280fe51c6f/details
hxxp://poscobmy[.]xyz/My,240115 16:36,240115 17:02,iMessage,Pos Malaysia,davide9wgkelly@outlook[.]com,n/a,https://x.com/cookiessaaji/status/1746820194394427815,n/a
hxxps://rb[.]gy/rzid1b,240114 18:29,240114 18:35,Fake BTS,Pos Malaysia,68886,hxxps://topposapp[.]xyz/POSMY,https://x.com/NRLsyud/status/1746481122589233411,https://www.virustotal.com/gui/url/8fe791bfaf9335ed62f0d18d3e8ee3084800c4ba5ea8d0706dc1949d08b30349/details
hxxps://rb[.]gy/dggxp1,240113 12:53,240113 13:13,Fake BTS,Pos Malaysia,68886,hxxps://poscom[.]life/gTTC5V,https://x.com/Lolzilla45/status/1746037758764990652,https://www.virustotal.com/gui/url/bb0184ff9e562cf97827783d018f4cebda0eea867a26025dfd563bdc3f2ce7ff/details
hxxps://rb[.]gy/dggxp1,240113 12:15,240113 12:18,Fake BTS,Pos Malaysia,68886,hxxps://poscom[.]life/gTTC5V,https://x.com/tehaarahman/status/1746023880203145498,https://www.virustotal.com/gui/url/bb0184ff9e562cf97827783d018f4cebda0eea867a26025dfd563bdc3f2ce7ff/details
hxxps://tt[.]vg/meHub,240102 15:03,240102 15:27,Fake BTS,J&T Express,n/a,hxxps://jt-expresss[.]xyz/,https://x.com/boysyamroslan/status/1742085278494519313,https://www.virustotal.com/gui/url/9e39163fa59639b57f47eb1cc7926ae60a660c15f57cbaea33d1839bba75faa4/details
hxxps://taglinemy[.]online/semakmykad3,n/a,231116 11:40,Telegram Phishing,SARA,n/a,n/a,https://x.com/nkmnrdn/status/1724995943567954115,n/a
hxxps://t[.]ly/in[.]pos[.]com[.]my,231103 11:33,231103 12:59,iMessage,Pos Malaysia,hou58877@163[.]com,n/a,https://x.com/re1gny/status/1720304679429808320,n/a
hxxps://t[.]ly/Log-pos[.]com[.]my/home,231102 16:06,231102 16:09,iMessage,Pos Malaysia,lg372556747@163[.]com,n/a,https://x.com/Ruzofficial/status/1719989985540186229,n/a
hxxps://t[.]ly/pos[.]com-my/home,231102 15:15,231102 16:09,iMessage,Pos Malaysia,jiandie1972@163[.]com,n/a,https://x.com/Ruzofficial/status/1719989985540186229,n/a
hxxps://t[.]ly/Log-pos[.]com[.]my/home,231102 15:24,231102 15:26,iMessage,Pos Malaysia,lansetainkong@163[.]com,n/a,https://x.com/1181269114_230/status/1719979304254308534,n/a
hxxps://appsmykasih[.]com/sumbangan_asas_rahmah/ags,231024 19:34,231024 19:38,Telegram Phishing,SARA,n/a,n/a,https://x.com/A_Hxrrxz/status/1716781137853583721,n/a
hxxps://my[.]support-links[.]com/sxeCn,231009 15:59,231009 17:04,iMessage,Pos Malaysia,masellmedejcrcympu@gmail[.]com,n/a,https://x.com/HazyHazeeee/status/1711306639662579959,n/a
hxxps://kfc-appmy[.]site,n/a,230515 00:00,Phishing,KFC Promo,n/a,n/a,https://kfc.com.my/scam-alert,n/a
